[{"id":"1101","provinceId":"11","name":"Kabupaten Aceh Selatan"},{"id":"1102","provinceId":"11","name":"Kabupaten Aceh Tenggara"},{"id":"1103","provinceId":"11","name":"Kabupaten Aceh Timur"},{"id":"1104","provinceId":"11","name":"Kabupaten Aceh Tengah"},{"id":"1105","provinceId":"11","name":"Kabupaten Aceh Barat"},{"id":"1106","provinceId":"11","name":"Kabupaten Aceh Besar"},{"id":"1107","provinceId":"11","name":"Kabupaten Pidie"},{"id":"1108","provinceId":"11","name":"Kabupaten Aceh Utara"},{"id":"1109","provinceId":"11","name":"Kabupaten Simeulue"},{"id":"1110","provinceId":"11","name":"Kabupaten Aceh Singkil"},{"id":"1111","provinceId":"11","name":"Kabupaten Bireuen"},{"id":"1112","provinceId":"11","name":"Kabupaten Aceh Barat Daya"},{"id":"1113","provinceId":"11","name":"Kabupaten Gayo Lues"},{"id":"1114","provinceId":"11","name":"Kabupaten Aceh Jaya"},{"id":"1115","provinceId":"11","name":"Kabupaten Nagan Raya"},{"id":"1116","provinceId":"11","name":"Kabupaten Aceh Tamiang"},{"id":"1117","provinceId":"11","name":"Kabupaten Bener Meriah"},{"id":"1118","provinceId":"11","name":"Kabupaten Pidie Jaya"},{"id":"1171","provinceId":"11","name":"Kota Banda Aceh"},{"id":"1172","provinceId":"11","name":"Kota Sabang"},{"id":"1173","provinceId":"11","name":"Kota Lhokseumawe"},{"id":"1174","provinceId":"11","name":"Kota Langsa"},{"id":"1175","provinceId":"11","name":"Kota Subulussalam"}]