[{"id":"1201","provinceId":"12","name":"Kabupaten Tapanuli Tengah"},{"id":"1202","provinceId":"12","name":"Kabupaten Tapanuli Utara"},{"id":"1203","provinceId":"12","name":"Kabupaten Tapanuli Selatan"},{"id":"1204","provinceId":"12","name":"Kabupaten Nias"},{"id":"1205","provinceId":"12","name":"Kabupaten Langkat"},{"id":"1206","provinceId":"12","name":"Kabupaten Karo"},{"id":"1207","provinceId":"12","name":"Kabupaten Deli Serdang"},{"id":"1208","provinceId":"12","name":"Kabupaten Simalungun"},{"id":"1209","provinceId":"12","name":"Kabupaten Asahan"},{"id":"1210","provinceId":"12","name":"Kabupaten Labuhanbatu"},{"id":"1211","provinceId":"12","name":"Kabupaten Dairi"},{"id":"1212","provinceId":"12","name":"Kabupaten Toba"},{"id":"1213","provinceId":"12","name":"Kabupaten Mandailing Natal"},{"id":"1214","provinceId":"12","name":"Kabupaten Nias Selatan"},{"id":"1215","provinceId":"12","name":"Kabupaten Pakpak Bharat"},{"id":"1216","provinceId":"12","name":"Kabupaten Humbang Hasundutan"},{"id":"1217","provinceId":"12","name":"Kabupaten Samosir"},{"id":"1218","provinceId":"12","name":"Kabupaten Serdang Bedagai"},{"id":"1219","provinceId":"12","name":"Kabupaten Batu Bara"},{"id":"1220","provinceId":"12","name":"Kabupaten Padang Lawas Utara"},{"id":"1221","provinceId":"12","name":"Kabupaten Padang Lawas"},{"id":"1222","provinceId":"12","name":"Kabupaten Labuhanbatu Selatan"},{"id":"1223","provinceId":"12","name":"Kabupaten Labuhanbatu Utara"},{"id":"1224","provinceId":"12","name":"Kabupaten Nias Utara"},{"id":"1225","provinceId":"12","name":"Kabupaten Nias Barat"},{"id":"1271","provinceId":"12","name":"Kota Medan"},{"id":"1272","provinceId":"12","name":"Kota Pematangsiantar"},{"id":"1273","provinceId":"12","name":"Kota Sibolga"},{"id":"1274","provinceId":"12","name":"Kota Tanjungbalai"},{"id":"1275","provinceId":"12","name":"Kota Binjai"},{"id":"1276","provinceId":"12","name":"Kota Tebing Tinggi"},{"id":"1277","provinceId":"12","name":"Kota Padangsidimpuan"},{"id":"1278","provinceId":"12","name":"Kota Gunungsitoli"}]