[{"id":"5201","provinceId":"52","name":"Kabupaten Lombok Barat"},{"id":"5202","provinceId":"52","name":"Kabupaten Lombok Tengah"},{"id":"5203","provinceId":"52","name":"Kabupaten Lombok Timur"},{"id":"5204","provinceId":"52","name":"Kabupaten Sumbawa"},{"id":"5205","provinceId":"52","name":"Kabupaten Dompu"},{"id":"5206","provinceId":"52","name":"Kabupaten Bima"},{"id":"5207","provinceId":"52","name":"Kabupaten Sumbawa Barat"},{"id":"5208","provinceId":"52","name":"Kabupaten Lombok Utara"},{"id":"5271","provinceId":"52","name":"Kota Mataram"},{"id":"5272","provinceId":"52","name":"Kota Bima"}]