[{"id":"5301","provinceId":"53","name":"Kabupaten Kupang"},{"id":"5302","provinceId":"53","name":"Kabupaten Timor Tengah Selatan"},{"id":"5303","provinceId":"53","name":"Kabupaten Timor Tengah Utara"},{"id":"5304","provinceId":"53","name":"Kabupaten Belu"},{"id":"5305","provinceId":"53","name":"Kabupaten Alor"},{"id":"5306","provinceId":"53","name":"Kabupaten Flores Timur"},{"id":"5307","provinceId":"53","name":"Kabupaten Sikka"},{"id":"5308","provinceId":"53","name":"Kabupaten Ende"},{"id":"5309","provinceId":"53","name":"Kabupaten Ngada"},{"id":"5310","provinceId":"53","name":"Kabupaten Manggarai"},{"id":"5311","provinceId":"53","name":"Kabupaten Sumba Timur"},{"id":"5312","provinceId":"53","name":"Kabupaten Sumba Barat"},{"id":"5313","provinceId":"53","name":"Kabupaten Lembata"},{"id":"5314","provinceId":"53","name":"Kabupaten Rote Ndao"},{"id":"5315","provinceId":"53","name":"Kabupaten Manggarai Barat"},{"id":"5316","provinceId":"53","name":"Kabupaten Nagekeo"},{"id":"5317","provinceId":"53","name":"Kabupaten Sumba Tengah"},{"id":"5318","provinceId":"53","name":"Kabupaten Sumba Barat Daya"},{"id":"5319","provinceId":"53","name":"Kabupaten Manggarai Timur"},{"id":"5320","provinceId":"53","name":"Kabupaten Sabu Raijua"},{"id":"5321","provinceId":"53","name":"Kabupaten Malaka"},{"id":"5371","provinceId":"53","name":"Kota Kupang"}]