[{"id":"7201","provinceId":"72","name":"Kabupaten Banggai"},{"id":"7202","provinceId":"72","name":"Kabupaten Poso"},{"id":"7203","provinceId":"72","name":"Kabupaten Donggala"},{"id":"7204","provinceId":"72","name":"Kabupaten Toli-Toli"},{"id":"7205","provinceId":"72","name":"Kabupaten Buol"},{"id":"7206","provinceId":"72","name":"Kabupaten Morowali"},{"id":"7207","provinceId":"72","name":"Kabupaten Banggai Kepulauan"},{"id":"7208","provinceId":"72","name":"Kabupaten Parigi Moutong"},{"id":"7209","provinceId":"72","name":"Kabupaten Tojo Una Una"},{"id":"7210","provinceId":"72","name":"Kabupaten Sigi"},{"id":"7211","provinceId":"72","name":"Kabupaten Banggai Laut"},{"id":"7212","provinceId":"72","name":"Kabupaten Morowali Utara"},{"id":"7271","provinceId":"72","name":"Kota Palu"}]