[{"id":"7401","provinceId":"74","name":"Kabupaten Kolaka"},{"id":"7402","provinceId":"74","name":"Kabupaten Konawe"},{"id":"7403","provinceId":"74","name":"Kabupaten Muna"},{"id":"7404","provinceId":"74","name":"Kabupaten Buton"},{"id":"7405","provinceId":"74","name":"Kabupaten Konawe Selatan"},{"id":"7406","provinceId":"74","name":"Kabupaten Bombana"},{"id":"7407","provinceId":"74","name":"Kabupaten Wakatobi"},{"id":"7408","provinceId":"74","name":"Kabupaten Kolaka Utara"},{"id":"7409","provinceId":"74","name":"Kabupaten Konawe Utara"},{"id":"7410","provinceId":"74","name":"Kabupaten Buton Utara"},{"id":"7411","provinceId":"74","name":"Kabupaten Kolaka Timur"},{"id":"7412","provinceId":"74","name":"Kabupaten Konawe Kepulauan"},{"id":"7413","provinceId":"74","name":"Kabupaten Muna Barat"},{"id":"7414","provinceId":"74","name":"Kabupaten Buton Tengah"},{"id":"7415","provinceId":"74","name":"Kabupaten Buton Selatan"},{"id":"7471","provinceId":"74","name":"Kota Kendari"},{"id":"7472","provinceId":"74","name":"Kota Bau Bau"}]