[{"id":"8101","provinceId":"81","name":"Kabupaten Maluku Tengah"},{"id":"8102","provinceId":"81","name":"Kabupaten Maluku Tenggara"},{"id":"8103","provinceId":"81","name":"Kabupaten Kepulauan Tanimbar"},{"id":"8104","provinceId":"81","name":"Kabupaten Buru"},{"id":"8105","provinceId":"81","name":"Kabupaten Seram Bagian Timur"},{"id":"8106","provinceId":"81","name":"Kabupaten Seram Bagian Barat"},{"id":"8107","provinceId":"81","name":"Kabupaten Kepulauan Aru"},{"id":"8108","provinceId":"81","name":"Kabupaten Maluku Barat Daya"},{"id":"8109","provinceId":"81","name":"Kabupaten Buru Selatan"},{"id":"8171","provinceId":"81","name":"Kota Ambon"},{"id":"8172","provinceId":"81","name":"Kota Tual"}]